﻿Designator,Quantity,Value,Footprint,Package,MPN,DNP,Mount_Type,Description,Manufacturer,Mfpn,Price,PARTREV,STANDARD,MAXIMUM_PACKAGE_HEIGHT,MANUFACTURER
AE1,1,Antenna_Chip,Texas_SWRA117D_2.4GHz_Right,,,Yes,tht,DNP,Ti,DNP,-,,,,
BT1,1,lir2032,BATT_HLDR_via,,,,smt,,TE connectivity, BAT-HLD-001,0.36,,,,
BZ1,1,Buzzer,Buzzer_CUI_CPT-9019S-SMT,,,,smt,"Buzzer, polarized",CUI,CPT-9019S-SMT,1.1,,,,
"C1, C12, C22, C30, C31, C32, C33, C39, C40, C6",10,4u7,C_0603_1608Metric,,,,smt,,Samsung,CL10A475KP8NNNL,0.019,,,,
"C10, C2, C20, C23, C24, C25, C26, C27, C3, C34, C35, C36, C37, C5, C9",15,100n,C_0402_1005Metric,,,,smt,,Tayo Yuden,MLASE105SB7104KFNA01,0.013,,,,
"C11, C13, C14, C15, C21, C28, C29",7,1u,C_0402_1005Metric,,,,smt,,Samsung, CL05A105KO5NNNC,0.2,,,,
C16,1,DNP,C_0402_1005Metric,,,Yes,smt,,,,,,,,
C17,1,DNP,C_0402_1005Metric,,,Yes,smt,,,,,,,,
"C18, C19, C7, C8",4,4p,C_0402_1005Metric,,,,smt,,Tayo Yuden,UMK105CH040CVHF,0.17,,,,
"C38, C4",2,100p,C_0402_1005Metric,,,,smt,,Samsung,CL05C101JB51PND,0.019,,,,
"D1, D2, D3",3, PMEG3002,D_SOD-882,,,,smt,30V 0.5A Schottky,Nexperia,"PMEG3002AEL,315",0.18,,,,
F1,1,16V/80mA,Fuse_0603_1608Metric,,,,smt,"Resettable fuse, polymeric positive temperature coefficient, small symbol",Bell,0ZCM0008FF2G,0.2,,,,
FL1,1,BFCN-2435,St_filter,,,,smt,"2340-2530MHz 50 Ohm Passive Band Pass Filter, FV1206",ST, MLPF-WB55-01E3,0.3,,,,
H1,1,MountingHole_Pad,MountingHole_2.2mm_M2_ISO14580_Pad_TopBottom,,,Yes,tht,Mounting Hole with connection,,,,,,,
Inf.1,1,IM67D120AXTSA1,Infineon_PG-LLGA-5-2,,,,smt,,Infineon,IM67D120AXTSA1,1.8,,,,
J1,1,E-paper(C097),MOLEX_503480-1800,,,,smt,"Generic connector, single row, 01x18, script generated",Molex, 5034801800,1.6,,,,
J2,1,USB_B_Micro,AMPHENOL_10118193-0001LF,,,,smt,,Amphenol,10118193-0001LF,0.33,,,,
L2,1,10nH,L_0402_1005Metric,,,,smt,Inductor,Te Conectivity,36550402J10NT,0.05,,,,
L3,1,10uH,L_0603_1608Metric,,,,smt,Inductor,TDK,MLZ1608E100MT,0.09,,,,
L5,1,47u/0.2A,IND_TAIYO_BRC2016_TAY,,,,smt,"Inductor with ferrite core, small symbol",Tayo Yuden,BRC2016T470K,0.2,,,,
Q1,1,Si1308EDL,SOT-323_SC-70,,,,smt,"30V Vds, 1.4A Id, N-Channel MOSFET, SC-70",Vishay Siliconix,SI1308EDL-T1-BE3,0.23,,,,
R1,1,10,R_0402_1005Metric,,,,smt,Resistor,Bourns, CR0402-JW-100GLF,0.001,,,,
"R10, R18, R19, R20, R21, R22, R9",7,180,R_0402_1005Metric,,,,smt,Resistor,Bourns,CR0402-FX-1800GLF,0.007,,,,
"R11, R12, R13, R14",4,220,R_0402_1005Metric,,,,smt,Resistor,Murata,BLM15AG221SN1D,0.022,,,,
R15,1,10k,R_0402_1005Metric,,,Yes,smt,Resistor,Yageo, RC0402FR-7W10KL,0.012,,,,
"R16, R17, R3",3,10k,R_0402_1005Metric,,,,smt,Resistor,Yageo, RC0402FR-7W10KL,0.012,,,,
"R2, R6, R8",3,470k,R_0402_1005Metric,,,,smt,Resistor,Yageo, RC0402FR-13470KL,0.008,,,,
R23,1,0R,R_0402_1005Metric,,,,smt,Resistor,Yageo, AC0402JR-070RL,0.009,,,,
R4,1,2R2,R_0402_1005Metric,,,,smt,Resistor,Yageo, RC0402FR-072R2L,0.012,,,,
R5,1,12k,R_0402_1005Metric,,,,smt,Resistor,Bourns,CR0402-FX-1202GLF,0.007,,,,
R7,1,47k,R_0402_1005Metric,,,,smt,Resistor,Yageo, RC0402FR-1347KL,0.007,,,,
SW1,1,list,SW_SPST_B3U-3100P-B,,,,smt,,Omron,B3U-3000P-B,0.8,,,,
SW2,1,enter,SW_SPST_B3U-3100P-B,,,,smt,,Omron,B3U-3000P-B,0.8,,,,
SW3,1,dose,SW_SPST_B3U-1100P-B,,,,smt,straight,Omron,B3U-1000P-B,0.7,,,,
SW4,1,esc,SW_SPST_B3U-3100P-B,,,,smt,,Omron,B3U-3000P-B,0.8,,,,
TH1,1,10k/ntc,R_0402_1005Metric,,,,smt,"Temperature dependent resistor, negative temperature coefficient",Mitsubishi,TH05-3H103F,2.8,,,,
TP1,1,TestPoint,TestPoint_Pad_1.0x1.0mm,,,Yes,tht,test point,,,,,,,
TP2,1,TestPoint,TestPoint_Pad_1.0x1.0mm,,,Yes,tht,test point,,,,,,,
TP3,1,TestPoint,TestPoint_Pad_1.0x1.0mm,,,Yes,tht,test point,,,,,,,
TP4,1,TestPoint,TestPoint_Pad_1.0x1.0mm,,,Yes,tht,test point,,,,,,,
TP5,1,TestPoint,TestPoint_Pad_1.0x1.0mm,,,Yes,tht,test point,,,,,,,
U1,1,USBLC6-2P6,SOT-666,,,,smt,"Very low capacitance ESD protection diode, 2 data-line, SOT-666",ST,USBLC6-2P6,0.3,,,,
U2,1,TMP102xxDRL,SOT-563,,,,smt,"Digital Temperature Sensor, +/- 3 °C, low-Power, SMBus, 12 bit, Two-Wire Serial Interface, SOT-563",Texas Instruments, TMP102AIDRLR,0.9,,,,
U3,1,STNS01 ,stns01,,,,smt,,ST,STNS01PUR,2,,,,
U4,1,STM32WB55CGUx,QFN-48-1EP_7x7mm_P0.5mm_EP5.6x5.6mm,,,,smt,"STMicroelectronics Arm Cortex-M4 MCU, 1024KB flash, 256KB RAM, 64 MHz, 1.71-3.6V, 30 GPIO, UFQFPN48",ST,STM32WB55CGU6,4.5,,,,
Y1,1,32.768k,Crystal_SMD_2012-2Pin_2.0x1.2mm,,,,smt,Two pin crystal,Abracon,CM8V-T1A-32.768kHz-4pF-20PPM-TA-QC T3,0.6,,,,
Y2,1,32MHz,XTAL_ABM8W-32.0000MHZ-4-B1U-T3,,,,smt,Two pin crystal,Abracon,ABM8W-32.0000MHZ-4-B1U-T3,0.4,08.09.2018,Manufacturer Recommendations,0.75 mm,Abracon
