﻿pos_x,pos_y,rotation,side,designator,mpn,pack,footprint,value,mount_type,place
11.7,12.05,180.0,bottom,AE1,,,Texas_SWRA117D_2.4GHz_Right,Antenna_Chip,tht,True
31.49315,8.8,180.0,top,BT1,,,BATT_HLDR_via,lir2032,smt,True
12.95,4.8,180.0,top,BZ1,,,Buzzer_CUI_CPT-9019S-SMT,Buzzer,smt,True
35.25,16.0,90.0,bottom,C1,,,C_0603_1608Metric,4u7,smt,True
3.4,6.0,-90.0,top,C10,,,C_0402_1005Metric,100n,smt,True
46.7,9.55,90.0,top,C11,,,C_0402_1005Metric,1u,smt,True
45.2,11.0,-90.0,top,C12,,,C_0603_1608Metric,4u7,smt,True
47.7,2.6,-90.0,top,C13,,,C_0402_1005Metric,1u,smt,True
46.7,6.3,0.0,top,C14,,,C_0402_1005Metric,1u,smt,True
46.7,7.3,0.0,top,C15,,,C_0402_1005Metric,1u,smt,True
12.25,11.0,0.0,bottom,C16,,,C_0402_1005Metric,DNP,smt,True
14.75,10.5,90.0,bottom,C17,,,C_0402_1005Metric,DNP,smt,True
24.2,14.8,90.0,bottom,C18,,,C_0402_1005Metric,4p,smt,True
26.45,18.05,180.0,bottom,C19,,,C_0402_1005Metric,4p,smt,True
37.95,9.05,0.0,bottom,C2,,,C_0402_1005Metric,100n,smt,True
29.126,2.55,-90.0,bottom,C20,,,C_0402_1005Metric,100n,smt,True
30.158,2.55,-90.0,bottom,C21,,,C_0402_1005Metric,1u,smt,True
38.25,3.5,-90.0,bottom,C22,,,C_0603_1608Metric,4u7,smt,True
36.7,4.8,-90.0,bottom,C23,,,C_0402_1005Metric,100n,smt,True
35.2,4.05,0.0,bottom,C24,,,C_0402_1005Metric,100n,smt,True
25.8,9.4,180.0,bottom,C25,,,C_0402_1005Metric,100n,smt,True
31.2,13.8,0.0,bottom,C26,,,C_0402_1005Metric,100n,smt,True
36.5,2.25,-90.0,bottom,C27,,,C_0402_1005Metric,100n,smt,True
47.7,9.55,-90.0,top,C28,,,C_0402_1005Metric,1u,smt,True
49.95,12.05,180.0,top,C29,,,C_0402_1005Metric,1u,smt,True
26.7,12.05,90.0,bottom,C3,,,C_0402_1005Metric,100n,smt,True
45.2,11.3,90.0,bottom,C30,,,C_0603_1608Metric,4u7,smt,True
51.5,7.75,90.0,bottom,C31,,,C_0603_1608Metric,4u7,smt,True
51.5,11.55,-90.0,bottom,C32,,,C_0603_1608Metric,4u7,smt,True
49.5,13.3,-90.0,bottom,C33,,,C_0603_1608Metric,4u7,smt,True
28.094,2.55,-90.0,bottom,C34,,,C_0402_1005Metric,100n,smt,True
34.0,15.25,90.0,bottom,C35,,,C_0402_1005Metric,100n,smt,True
35.2,13.8,0.0,bottom,C36,,,C_0402_1005Metric,100n,smt,True
47.7,4.55,90.0,top,C37,,,C_0402_1005Metric,100n,smt,True
19.95,12.55,-90.0,top,C38,,,C_0402_1005Metric,100p,smt,True
30.2,15.8,-90.0,bottom,C39,,,C_0603_1608Metric,4u7,smt,True
25.7,12.05,90.0,bottom,C4,,,C_0402_1005Metric,100p,smt,True
46.45,6.05,90.0,bottom,C40,,,C_0603_1608Metric,4u7,smt,True
51.8,15.6,0.0,bottom,C5,,,C_0402_1005Metric,100n,smt,True
23.0,12.1,90.0,bottom,C6,,,C_0603_1608Metric,4u7,smt,True
33.2,0.8,0.0,bottom,C7,,,C_0402_1005Metric,4p,smt,True
35.2,0.8,180.0,bottom,C8,,,C_0402_1005Metric,4p,smt,True
23.7,4.8,-90.0,bottom,C9,,,C_0402_1005Metric,100n,smt,True
46.6,11.3,-90.0,top,D1,,,D_SOD-882, PMEG3002,smt,True
47.8,11.55,-90.0,top,D2,,,D_SOD-882, PMEG3002,smt,True
45.4,8.8,180.0,top,D3,,,D_SOD-882, PMEG3002,smt,True
52.2,13.55,-90.0,top,F1,,,Fuse_0603_1608Metric,16V/80mA,smt,True
23.7,9.8,-90.0,bottom,FL1,,,St_filter,BFCN-2435,smt,True
1.7,8.8,0.0,top,H1,,,MountingHole_2.2mm_M2_ISO14580_Pad_TopBottom,MountingHole_Pad,tht,False
5.7,7.8,90.0,top,Inf.1,,,Infineon_PG-LLGA-5-2,IM67D120AXTSA1,smt,True
50.95,5.8,90.0,top,J1,,,MOLEX_503480-1800,E-paper(C097),smt,True
46.95,16.1295,180.0,top,J2,,,AMPHENOL_10118193-0001LF,USB_B_Micro,smt,True
31.45,15.3,90.0,bottom,L2,,,L_0402_1005Metric,10nH,smt,True
32.7,15.8,-90.0,bottom,L3,,,L_0603_1608Metric,10uH,smt,True
45.7,4.2,-90.0,top,L5,,,IND_TAIYO_BRC2016_TAY,47u/0.2A,smt,True
45.7,1.05,90.0,top,Q1,,,SOT-323_SC-70,Si1308EDL,smt,True
5.7,4.55,180.0,top,R1,,,R_0402_1005Metric,10,smt,True
25.7,5.3,180.0,bottom,R10,,,R_0402_1005Metric,180,smt,True
31.2,2.53,-90.0,bottom,R11,,,R_0402_1005Metric,220,smt,True
24.45,12.05,90.0,bottom,R12,,,R_0402_1005Metric,220,smt,True
37.0,15.5,-90.0,bottom,R13,,,R_0402_1005Metric,220,smt,True
37.95,10.05,0.0,bottom,R14,,,R_0402_1005Metric,220,smt,True
47.7,12.3,0.0,bottom,R15,,,R_0402_1005Metric,10k,smt,True
32.7,2.55,90.0,bottom,R16,,,R_0402_1005Metric,10k,smt,True
46.95,13.3,180.0,bottom,R17,,,R_0402_1005Metric,10k,smt,True
21.8,13.0,90.0,bottom,R18,,,R_0402_1005Metric,180,smt,True
29.4,4.1,180.0,bottom,R19,,,R_0402_1005Metric,180,smt,True
51.8,16.8,180.0,bottom,R2,,,R_0402_1005Metric,470k,smt,True
24.2,7.8,180.0,bottom,R20,,,R_0402_1005Metric,180,smt,True
24.2,1.05,-90.0,bottom,R21,,,R_0402_1005Metric,180,smt,True
25.7,4.05,180.0,bottom,R22,,,R_0402_1005Metric,180,smt,True
13.25,10.0,0.0,bottom,R23,,,R_0402_1005Metric,0R,smt,True
47.95,-0.45,0.0,top,R3,,,R_0402_1005Metric,10k,smt,True
50.7,-0.45,0.0,top,R4,,,R_0402_1005Metric,2R2,smt,True
45.2,8.8,-90.0,bottom,R5,,,R_0402_1005Metric,12k,smt,True
48.0,6.75,90.0,bottom,R6,,,R_0402_1005Metric,470k,smt,True
27.052,2.53,-90.0,bottom,R7,,,R_0402_1005Metric,47k,smt,True
27.7,1.1,180.0,bottom,R8,,,R_0402_1005Metric,470k,smt,True
2.4,5.6,90.0,top,R9,,,R_0402_1005Metric,180,smt,True
21.2,15.6,180.0,bottom,SW1,,,SW_SPST_B3U-3100P-B,list,smt,True
40.2,2.02,0.0,bottom,SW2,,,SW_SPST_B3U-3100P-B,enter,smt,True
-1.78,8.8,-90.0,bottom,SW3,,,SW_SPST_B3U-1100P-B,dose,smt,True
21.2,2.02,0.0,bottom,SW4,,,SW_SPST_B3U-3100P-B,esc,smt,True
28.7,14.8,-90.0,bottom,TH1,,,R_0402_1005Metric,10k/ntc,smt,True
40.8,8.8,0.0,bottom,TP1,,,TestPoint_Pad_1.0x1.0mm,TestPoint,tht,True
40.8,6.8,0.0,bottom,TP2,,,TestPoint_Pad_1.0x1.0mm,TestPoint,tht,True
40.8,10.8,0.0,bottom,TP3,,,TestPoint_Pad_1.0x1.0mm,TestPoint,tht,True
40.8,4.6,0.0,bottom,TP4,,,TestPoint_Pad_1.0x1.0mm,TestPoint,tht,True
43.2,6.8,180.0,bottom,TP5,,,TestPoint_Pad_1.0x1.0mm,TestPoint,tht,True
42.75,13.75,180.0,bottom,U1,,,SOT-666,USBLC6-2P6,smt,True
21.7,4.8,0.0,bottom,U2,,,SOT-563,TMP102xxDRL,smt,True
48.2,9.8,180.0,bottom,U3,,,stns01,STNS01 ,smt,True
31.6,8.9,90.0,bottom,U4,,,QFN-48-1EP_7x7mm_P0.5mm_EP5.6x5.6mm,STM32WB55CGUx,smt,True
34.7,2.3,180.0,bottom,Y1,,,Crystal_SMD_2012-2Pin_2.0x1.2mm,32.768k,smt,True
26.45,15.3,0.0,bottom,Y2,,,XTAL_ABM8W-32.0000MHZ-4-B1U-T3,32MHz,smt,True
